{
  "f1_score": 0.8888888888888888,
  "precision": 0.8888888888888888,
  "recall": 0.8888888888888888,
  "improvement_vs_spacy": 0.4318888888888888,
  "competitive": false
}