{
  "gemma": {
    "precision": 0.27431318681318684,
    "recall": 0.30322802197802196,
    "f1": 0.2835152404156929,
    "total_time": 118.22049927711487,
    "avg_time_per_example": 2.2734711399445167,
    "examples_processed": 52,
    "examples_per_second": 0.43985603442690047
  },
  "bert": {
    "precision": 0.8530677655677655,
    "recall": 0.7125686813186813,
    "f1": 0.7700696739158277,
    "total_time": 55.471386432647705,
    "avg_time_per_example": 1.0667574313970714,
    "examples_processed": 52,
    "examples_per_second": 0.9374202330986877
  },
  "keybert": {
    "precision": 0.0,
    "recall": 0.0,
    "f1": 0.0,
    "total_time": 0.012635231018066406,
    "avg_time_per_example": 0.00024298521188589244,
    "examples_processed": 52,
    "examples_per_second": 4115.476790701185
  }
}