{
  "training_time_seconds": 288.78689098358154,
  "training_time_minutes": 4.813114849726359,
  "success": true,
  "gpu_used": false
}