{
  "cv_folds": 5,
  "detailed_results": {
    "people_precision": {
      "mean": 0.4,
      "ci_lower": 0.0,
      "ci_upper": 0.8,
      "std": 0.48989794855663565,
      "all_scores": [
        1.0,
        0,
        1.0,
        0,
        0
      ]
    },
    "people_recall": {
      "mean": 0.004061018346732633,
      "ci_lower": 0.0,
      "ci_upper": 0.008142650999793857,
      "std": 0.004973818190566688,
      "all_scores": [
        0.01020408163265306,
        0.0,
        0.010101010101010102,
        0.0,
        0.0
      ]
    },
    "people_f1": {
      "mean": 0.00804040404040404,
      "ci_lower": 0.0,
      "ci_upper": 0.01608080808080808,
      "std": 0.009847650832336657,
      "all_scores": [
        0.020202020202020204,
        0,
        0.02,
        0,
        0
      ]
    },
    "places_precision": {
      "mean": 1.0,
      "ci_lower": 1.0,
      "ci_upper": 1.0,
      "std": 0.0,
      "all_scores": [
        1.0,
        1.0,
        1.0,
        1.0,
        1.0
      ]
    },
    "places_recall": {
      "mean": 0.04506196094800634,
      "ci_lower": 0.027852270054104917,
      "ci_upper": 0.06373042698489342,
      "std": 0.021734059854722963,
      "all_scores": [
        0.027777777777777776,
        0.019230769230769232,
        0.07017543859649122,
        0.07142857142857142,
        0.03669724770642202
      ]
    },
    "places_f1": {
      "mean": 0.08541344752091777,
      "ci_lower": 0.05087525327966136,
      "ci_upper": 0.11995164176217418,
      "std": 0.03964377387201007,
      "all_scores": [
        0.05405405405405406,
        0.03773584905660378,
        0.13114754098360656,
        0.13333333333333333,
        0.07079646017699115
      ]
    },
    "dates_precision": {
      "mean": 0.4,
      "ci_lower": 0.0,
      "ci_upper": 0.8,
      "std": 0.48989794855663565,
      "all_scores": [
        1.0,
        0,
        0,
        1.0,
        0
      ]
    },
    "dates_recall": {
      "mean": 0.005863316200266514,
      "ci_lower": 0.0,
      "ci_upper": 0.013706453455168474,
      "std": 0.007833705624888273,
      "all_scores": [
        0.0196078431372549,
        0.0,
        0.0,
        0.009708737864077669,
        0.0
      ]
    },
    "dates_f1": {
      "mean": 0.011538461538461539,
      "ci_lower": 0.0,
      "ci_upper": 0.026923076923076928,
      "std": 0.015384615384615384,
      "all_scores": [
        0.038461538461538464,
        0,
        0,
        0.01923076923076923,
        0
      ]
    },
    "macro_f1": {
      "mean_f1": 0.03499743769992779,
      "ci_lower": 0.021970714509953127,
      "ci_upper": 0.047914955882169,
      "std": 0.015015435599363993,
      "all_scores": [
        0.037572537572537576,
        0.01257861635220126,
        0.05038251366120219,
        0.05085470085470085,
        0.02359882005899705
      ]
    }
  }
}