{
  "best_global_step": null,
  "best_metric": null,
  "best_model_checkpoint": null,
  "epoch": 10.0,
  "eval_steps": 200,
  "global_step": 80,
  "is_hyper_param_search": false,
  "is_local_process_zero": true,
  "is_world_process_zero": true,
  "log_history": [
    {
      "epoch": 2.5517241379310347,
      "grad_norm": 1.156409740447998,
      "learning_rate": 9.069243586350975e-05,
      "loss": 0.6832,
      "mean_token_accuracy": 0.8284143016145036,
      "num_tokens": 35265.0,
      "step": 20
    },
    {
      "epoch": 5.0,
      "grad_norm": 3.1854708194732666,
      "learning_rate": 5.618463156346739e-05,
      "loss": 0.1445,
      "mean_token_accuracy": 0.9428230725543599,
      "num_tokens": 68580.0,
      "step": 40
    },
    {
      "epoch": 7.551724137931035,
      "grad_norm": 2.403996706008911,
      "learning_rate": 1.768503810695295e-05,
      "loss": 0.0839,
      "mean_token_accuracy": 0.959912979925001,
      "num_tokens": 103816.0,
      "step": 60
    },
    {
      "epoch": 10.0,
      "grad_norm": 2.1562936305999756,
      "learning_rate": 4.2712080634949024e-08,
      "loss": 0.0722,
      "mean_token_accuracy": 0.9682585126917127,
      "num_tokens": 137160.0,
      "step": 80
    }
  ],
  "logging_steps": 20,
  "max_steps": 80,
  "num_input_tokens_seen": 0,
  "num_train_epochs": 10,
  "save_steps": 200,
  "stateful_callbacks": {
    "TrainerControl": {
      "args": {
        "should_epoch_stop": false,
        "should_evaluate": false,
        "should_log": false,
        "should_save": true,
        "should_training_stop": true
      },
      "attributes": {}
    }
  },
  "total_flos": 92195284452096.0,
  "train_batch_size": 4,
  "trial_name": null,
  "trial_params": null
}
